{"RMD-X8-V2-KNEE": {"Command": [-10.0, -20.0, -30.0, -40.0, -50.0, -60.0, -70.0, -80.0, -90.0, -100.0, -110.0, -120.0, -130.0, -140.0, -150.0, -160.0, -170.0, -180.0, -190.0, -200.0, -210.0, -220.0, -230.0, -240.0, -250.0, -260.0, -270.0, -280.0, -290.0, -300.0], "Torque": [0.0, 0.0, 0.41, 0.57, 1.04, 1.17, 1.53, 1.79, 2.14, 2.27, 2.53, 2.73, 2.91, 3.24, 3.45, 3.67, 3.93, 4.16, 4.36, 4.71, 5.02, 5.24, 5.52, 5.71, 6.03, 6.41, 6.55, 6.87, 7.06, 7.21], "torque constant": 43.27201106093806},"RMD-X8-PRO-SHOULDER": {"Command": [10.0, 20.0, 30.0, 40.0, 50.0, 60.0, 70.0, 80.0, 90.0, 100.0, 110.0, 120.0, 130.0], "Torque": [0, 1.5, 1.72, 1.8, 2.40, 2.35, 2.85, 2.96, 3.51, 3.69, 4.04, 4.6, 5.2], "torque constant": 23.500589226764433}}
